type;terme;propositions;preuve
lieu;touba;SN-DB-MBACKE|SN-DB;Commune du département de Mbacké, région de Diourbel
lieu;ville de thies;SN-TH-THIES|SN-TH;Commune chef-lieu du département et de la région de Thiès
lieu;ville de kaolack;SN-KL-KAOLACK|SN-KL;Commune chef-lieu du département et de la région de Kaolack
modalite;voitures;qbvttzc:catégories=TOTAL|qbvttzc:catégories=VPP;DTT (2021) : parc total de véhicules (TOTAL) ou véhicules particuliers (VPP)
lieu;tuubaa;SN-DB-MBACKE|SN-DB;Touba en wolof (KBD) : commune du département de Mbacké, région de Diourbel
lieu;ville de kolda;SN-KD-KOLDA|SN-KD;Commune chef-lieu du département et de la région de Kolda
lieu;richard toll;SN-SL-DAGANA|SN-SL;Commune du département de Dagana, région de Saint-Louis
lieu;risaar tol;SN-SL-DAGANA|SN-SL;Richard-Toll en wolof (KBD) : commune du département de Dagana, région de Saint-Louis
indicateur;medecins;hfhored.medecin-generaliste|hfhored.gynecologue-obstetricien|hfhored.pediatre|hfhored.chirurgien-generaliste;MSAS (établissements de santé) : médecins publiés par spécialité, sans total (KBD, 08/10 : « niata medecin ci region louga » donnait les seuls généralistes)
