dataset_id;producteur;operation;preuve
asongtc;ANSD;EDS;Opération du portail : « Enquête démographiques et de Santé (EDS) »
cfulhc;ARTP;Parc de lignes de téléphonie mobile;"Producteur : Autorité de régulation des télécommunications et des postes ; pas d'opération : titre du jeu"
dwibrlf;ANSD;ENES;Opération du portail : « Enquête nationale sur l'emploi au Sénégal (ENES) »
elwxsmc;ANSD;EDS-Continue;Opération du portail : « Enquêtes Démographiques et de Santé Continue EDS-C 2016-2019, et EDS-C 2023 »
ervtjfc;MEN;Recensement scolaire annuel;"Opération du portail : « Recensement scolaire annuel (RSA);RGPH »"
feujxob;ANSD;Prix à la consommation, agglomération de Dakar;Pas d'opération : titre du jeu « Moyennes mensuelles des prix à la consommation dans l'agglomération de Dakar »
iocwzud;Ministère de la Justice;Taux de criminalité;Pas d'opération : titre du jeu
ioxbglg;Administration pénitentiaire;Enregistrements des instances de la justice;"Opération du portail ; producteur : Direction de l'Administration pénitentiaire"
jcvcajc;ANSD;EHCVM;Opération du portail : « Enquête harmonisée sur les conditions de vie des ménages (EHCVM) »
kdtstle;ANSD;EDS;Opération du portail : « Enquête démographiques et de Santé (EDS) »
muhgux;ANSD;Enquêtes trimestrielles sur l'emploi;Description du jeu : « les enquêtes trimestrielles […] de mesure et de suivi de l'emploi au Sénégal »
ovothxc;ANSD;BADIS;Description du jeu : « La Banque de Données des Indicateurs Sociaux (BADIS) »
pexioke;ANSD;Statistiques d'état civil;Pas d'opération : titre du jeu « Statistiques d'état civil : natalité, mortalité, espérance de vie »
pvswjnd;ANSD;RGPH-5;Description du jeu : « résultats préliminaires du RGPH-5, 2023 »
qbvttzc;MITTA;Parc de véhicules (Direction des transports terrestres);Description du jeu : « base de données de la Direction générale des Transports terrestres »
qjyrtof;ANSD;EDS;Description du jeu : « Données issues des enquêtes EDS »
rfegvpb;ANSD;BADIS;Description du jeu : « Données publiées dans la Banque de Données des Indicateurs Sociaux (BADIS, 2018) »
rgohtcc;ANSD;Comptes nationaux;"Titre du jeu : « Produit Intérieur Brut (PIB) du Sénégal (Base 2014 et Base 2021) » ; l'opération du portail est une phrase longue"
sbsryhc;CSA;Prix de détail des céréales locales;"Pas d'opération : titre du jeu « Prix détails produits céréaliers locaux » ; producteur : Commissariat à la sécurité alimentaire"
smcofug;ANSD;EDS-Continue;Opération du portail : « Enquêtes Démographiques et de Santé Continue EDS-C 2016-2019, et EDS-C 2023 »
tsghpfc;ANSD;IHPC;Titre du jeu : « Indice Harmonisé des Prix à la Consommation (IHPC, Base 100, 2023) »
wdvdnub;ANSD;EDS-Continue;Opération du portail : « Enquêtes Démographiques et de Santé Continue EDS-C 2016-2019, et EDS-C 2023 »
whkisxc;Ministère du Tourisme et des Loisirs;Arrivées des non-résidents;Pas d'opération : titre du jeu
wrqfsxb;Direction des pêches maritimes;Enregistrements du ministère de la Pêche;Opération du portail : « Enregistrements Ministère en charge de la pêche »
xsitdae;ANSD;EDS;Titre du jeu : « Etat nutritionnel des enfants dans les Enquêtes EDS »
