code;niveau;parent;libelle_fr;libelle_wo;statut_wo;variantes;couvre
SN;pays;;Sénégal;Senegaal;valide;senegal|senegaal|national|ensemble du pays;
SN-DK;region;SN;Dakar;Ndakaaru;valide;ndakarou|dakaar;
SN-DB;region;SN;Diourbel;Jurbel;valide;diurbel|dioubel|njaaréem;
SN-FK;region;SN;Fatick;Fatik;valide;;
SN-KA;region;SN;Kaffrine;Kafrin;valide;kafrine;
SN-KL;region;SN;Kaolack;Kawlax;valide;kaolak|kawlak|kaolag;
SN-KE;region;SN;Kédougou;Kédugu;valide;;
SN-KD;region;SN;Kolda;Kolda;valide;;
SN-LG;region;SN;Louga;Luga;valide;njaambuur;
SN-MT;region;SN;Matam;Matam;valide;maatam;
SN-SL;region;SN;Saint-Louis;Ndar;valide;st louis;
SN-SE;region;SN;Sédhiou;Seeju;valide;sedhiu|seajo|seju;
SN-TC;region;SN;Tambacounda;Tambakunda;valide;tamba|tambakundaa;
SN-TH;region;SN;Thiès;Cees;valide;ties|tiés|kees;
SN-ZG;region;SN;Ziguinchor;Sigicoor;valide;zighinchor;
SN-DK-DAKAR;departement;SN-DK;Dakar;Ndakaaru;valide;;
SN-DK-GUEDIAWAYE;departement;SN-DK;Guédiawaye;Géejawaay;valide;gejawaay;
SN-DK-KEUR-MASSAR;departement;SN-DK;Keur Massar;Kër Massar;valide;;
SN-DK-PIKINE;departement;SN-DK;Pikine;Pikin;valide;;
SN-DK-RUFISQUE;departement;SN-DK;Rufisque;Tëngéej;valide;tenguedj|teunguedj;
SN-DB-BAMBEY;departement;SN-DB;Bambey;Bambey;valide;;
SN-DB-DIOURBEL;departement;SN-DB;Diourbel;Jurbel;valide;;
SN-DB-MBACKE;departement;SN-DB;Mbacké;Mbàkke;valide;mbake;
SN-FK-FATICK;departement;SN-FK;Fatick;Fatik;valide;;
SN-FK-FOUNDIOUGNE;departement;SN-FK;Foundiougne;Fundiyuñ;valide;foundioungne;
SN-FK-GOSSAS;departement;SN-FK;Gossas;Gosaas;valide;;
SN-KA-BIRKELANE;departement;SN-KA;Birkelane;Birkelaan;valide;birkilane;
SN-KA-KAFFRINE;departement;SN-KA;Kaffrine;Kafrin;valide;;
SN-KA-KOUNGHEUL;departement;SN-KA;Koungheul;Kungël;valide;kounghel;
SN-KA-MALEM-HODAR;departement;SN-KA;Malem Hodar;Malem Hodar;valide;malem hoddar|maleme hodar;
SN-KL-GUINGUINEO;departement;SN-KL;Guinguinéo;Genginéew;valide;;
SN-KL-KAOLACK;departement;SN-KL;Kaolack;Kawlax;valide;;
SN-KL-NIORO-DU-RIP;departement;SN-KL;Nioro du Rip;Ñooro;valide;nioro;
SN-KE-KEDOUGOU;departement;SN-KE;Kédougou;Kédugu;valide;;
SN-KE-SALEMATA;departement;SN-KE;Salémata;Salemata;valide;;
SN-KE-SARAYA;departement;SN-KE;Saraya;Saraya;valide;;
SN-KD-KOLDA;departement;SN-KD;Kolda;Kolda;valide;;
SN-KD-MEDINA-YORO-FOULAH;departement;SN-KD;Médina Yoro Foulah;Madiina Yooroo Fula;valide;medina yoro foula;
SN-KD-VELINGARA;departement;SN-KD;Vélingara;Welingara;valide;;
SN-LG-KEBEMER;departement;SN-LG;Kébémer;Kebemeer;valide;;
SN-LG-LINGUERE;departement;SN-LG;Linguère;Lingeer;valide;;
SN-LG-LOUGA;departement;SN-LG;Louga;Luga;valide;;
SN-MT-KANEL;departement;SN-MT;Kanel;Kanel;valide;;
SN-MT-MATAM;departement;SN-MT;Matam;Matam;valide;;
SN-MT-RANEROU-FERLO;departement;SN-MT;Ranérou Ferlo;Raneeru Ferlo;valide;ranerou;
SN-SL-DAGANA;departement;SN-SL;Dagana;Dagana;valide;;
SN-SL-PODOR;departement;SN-SL;Podor;Podor;valide;;
SN-SL-SAINT-LOUIS;departement;SN-SL;Saint-Louis;Ndar;valide;;
SN-SE-BOUNKILING;departement;SN-SE;Bounkiling;Bunkiliŋ;valide;;
SN-SE-GOUDOMP;departement;SN-SE;Goudomp;Gudomp;valide;goudoump;
SN-SE-SEDHIOU;departement;SN-SE;Sédhiou;Seeju;valide;;
SN-TC-BAKEL;departement;SN-TC;Bakel;Bakel;valide;;
SN-TC-GOUDIRY;departement;SN-TC;Goudiry;Gudiri;valide;;
SN-TC-KOUMPENTOUM;departement;SN-TC;Koumpentoum;Kumpentum;valide;koupentoum;
SN-TC-TAMBACOUNDA;departement;SN-TC;Tambacounda;Tambakunda;valide;tambakundaa;
SN-TH-MBOUR;departement;SN-TH;Mbour;Mbuur;valide;;
SN-TH-THIES;departement;SN-TH;Thiès;Cees;valide;kees;
SN-TH-TIVAOUANE;departement;SN-TH;Tivaouane;Tiwaawan;valide;tivaoune|tiwaawon|tiwawan|ciwaawan;
SN-ZG-BIGNONA;departement;SN-ZG;Bignona;Biñoona;valide;;
SN-ZG-OUSSOUYE;departement;SN-ZG;Oussouye;Ussuy;valide;;
SN-ZG-ZIGUINCHOR;departement;SN-ZG;Ziguinchor;Sigicoor;valide;;
SN-IA-DAKAR;academie;SN-DK;Dakar;Ndakaaru;valide;;SN-DK-DAKAR
SN-IA-PIKINE-GUEDIAWAYE;academie;SN-DK;Pikine-Guédiawaye;Pikin-Géejawaay;valide;pikine|guediawaye|pikine guediawaye;SN-DK-PIKINE|SN-DK-GUEDIAWAYE|SN-DK-KEUR-MASSAR
SN-IA-RUFISQUE;academie;SN-DK;Rufisque;Tëngéej;valide;;SN-DK-RUFISQUE
SN-IA-DIOURBEL;academie;SN-DB;Diourbel;Jurbel;valide;;SN-DB
SN-IA-FATICK;academie;SN-FK;Fatick;Fatik;valide;;SN-FK
SN-IA-KAFFRINE;academie;SN-KA;Kaffrine;Kafrin;valide;;SN-KA
SN-IA-KAOLACK;academie;SN-KL;Kaolack;Kawlax;valide;;SN-KL
SN-IA-KEDOUGOU;academie;SN-KE;Kédougou;Kédugu;valide;;SN-KE
SN-IA-KOLDA;academie;SN-KD;Kolda;Kolda;valide;;SN-KD
SN-IA-LOUGA;academie;SN-LG;Louga;Luga;valide;;SN-LG
SN-IA-MATAM;academie;SN-MT;Matam;Matam;valide;;SN-MT
SN-IA-SAINT-LOUIS;academie;SN-SL;Saint-Louis;Ndar;valide;;SN-SL
SN-IA-SEDHIOU;academie;SN-SE;Sédhiou;Seeju;valide;;SN-SE
SN-IA-TAMBACOUNDA;academie;SN-TC;Tambacounda;Tambakunda;valide;;SN-TC
SN-IA-THIES;academie;SN-TH;Thiès;Cees;valide;;SN-TH
SN-IA-ZIGUINCHOR;academie;SN-ZG;Ziguinchor;Sigicoor;valide;;SN-ZG
